id,name,email,gender,grade
1,Dwight Kewish,dkewish0@naver.com,Male,3.4
2,Brandice Cast,bcast1@discovery.com,Female,7.5
3,Leese Werrilow,lwerrilow2@tuttocitta.it,Female,9.7
4,Cathryn Shivell,cshivell3@usnews.com,Female,3.1
5,Kellyann Irnys,kirnys4@alexa.com,Female,4.2
6,Clemens Fairley,cfairley5@foxnews.com,Male,8.8
7,Terri-jo Mollison,tmollison6@yahoo.com,Female,2.4
8,Heida Riddiough,hriddiough7@wsj.com,Female,5.9
9,Linus Morgans,lmorgans8@go.com,Male,5.4
10,Lorna Sirette,lsirette9@whitehouse.gov,Female,5.3
11,Benedetto Stanaway,bstanawaya@rambler.ru,Male,1.4
12,Duncan Mantz,dmantzb@oracle.com,Male,5.1
13,Kris Larmour,klarmourc@jimdo.com,Female,5.9
14,Corena Cutajar,ccutajard@thetimes.co.uk,Female,3.7
15,Birk Donn,bdonne@narod.ru,Polygender,4.4
16,Erika Vasler,evaslerf@soundcloud.com,Female,2.8
17,Rafael Carayol,rcarayolg@guardian.co.uk,Genderqueer,3.7
18,Ida Kirtland,ikirtlandh@cornell.edu,Female,9.3
19,Michal Casserly,mcasserlyi@cnn.com,Male,6.8
20,Saundra De Zamudio,sdej@newyorker.com,Female,8.2
21,Royce Apfelmann,rapfelmannk@yandex.ru,Male,7.2
22,Barbe Shaves,bshavesl@un.org,Female,3.0
23,Jeralee Bolesma,jbolesmam@mysql.com,Female,8.6
24,Gordan Pitone,gpitonen@blog.com,Male,3.6
25,Gizela Gillison,ggillisono@barnesandnoble.com,Female,7.9
26,Madison Haversham,mhavershamp@businessweek.com,Male,1.7
27,Arlette Celiz,acelizq@illinois.edu,Female,4.3
28,Rosita Burgis,rburgisr@wix.com,Female,6.2
29,Roddy Norheny,rnorhenys@nbcnews.com,Male,1.4
30,Lamont Patroni,lpatronit@psu.edu,Male,1.8
31,Byrann Gillyatt,bgillyattu@chron.com,Male,9.6
32,Joela Mattke,jmattkev@gov.uk,Female,7.5
33,Joyce Poynzer,jpoynzerw@51.la,Female,8.8
34,Pru Barwick,pbarwickx@blogger.com,Female,1.2
35,Wendeline Dann,wdanny@google.de,Female,5.7
36,Iris Basil,ibasilz@army.mil,Female,8.4
37,Dennie Kenningley,dkenningley10@mozilla.com,Male,1.5
38,Lee Daintree,ldaintree11@creativecommons.org,Male,2.9
39,Jobi Cheeke,jcheeke12@dell.com,Genderqueer,5.8
40,Albert Segge,asegge13@blogtalkradio.com,Male,3.7
41,Gaven Pancast,gpancast14@naver.com,Male,5.1
42,Reider Middup,rmiddup15@dagondesign.com,Male,1.1
43,Tabbie Orbell,torbell16@microsoft.com,Female,2.6
44,Archy Heineken,aheineken17@bravesites.com,Male,6.3
45,Jackson Bedward,jbedward18@ask.com,Male,4.0
46,Elmer Muir,emuir19@hp.com,Male,4.7
47,Killian Ash,kash1a@deviantart.com,Male,9.7
48,Dallas Lusgdin,dlusgdin1b@canalblog.com,Bigender,3.9
49,Forrest Woolf,fwoolf1c@wunderground.com,Male,8.1
50,Lianne Gorgen,lgorgen1d@twitter.com,Female,3.6
51,Davida Gue,dgue1e@tinypic.com,Female,7.5
52,Sly Lillie,slillie1f@smh.com.au,Male,8.7
53,Garvy Beagles,gbeagles1g@cbslocal.com,Male,2.9
54,Crissie Spackman,cspackman1h@amazon.co.uk,Female,3.3
55,Ginger Acuna,gacuna1i@aol.com,Male,4.7
56,Roarke Haddinton,rhaddinton1j@ucoz.ru,Male,8.6
57,Jenn Mulliner,jmulliner1k@trellian.com,Female,7.7
58,Homere Bier,hbier1l@cdc.gov,Male,3.0
59,Emlen Saterthwait,esaterthwait1m@jigsy.com,Male,4.0
60,Ann-marie Greeve,agreeve1n@nhs.uk,Female,3.1
61,Lindsay Tesoe,ltesoe1o@hugedomains.com,Female,3.9
62,Wade Jory,wjory1p@telegraph.co.uk,Male,6.2
63,Annemarie Dickon,adickon1q@a8.net,Female,4.2
64,Anne McIlwreath,amcilwreath1r@shop-pro.jp,Female,1.3
65,Mariann Pleavin,mpleavin1s@etsy.com,Female,6.7
66,Wendye Aiskrigg,waiskrigg1t@bbc.co.uk,Female,2.5
67,Gayler Schumacher,gschumacher1u@mapquest.com,Male,3.2
68,Fremont Climer,fclimer1v@bbc.co.uk,Male,2.1
69,Nikos Moston,nmoston1w@dmoz.org,Male,8.3
70,Bebe McManus,bmcmanus1x@usa.gov,Female,9.2
71,Carlie Georgins,cgeorgins1y@usda.gov,Female,1.6
72,Prue McAline,pmcaline1z@usatoday.com,Female,2.0
73,Ewen Shillitoe,eshillitoe20@dmoz.org,Male,5.2
74,Max Milby,mmilby21@flickr.com,Female,7.6
75,William O'Sheeryne,wosheeryne22@nymag.com,Male,4.2
76,Priscella Grave,pgrave23@utexas.edu,Female,3.4
77,Norby Couzens,ncouzens24@amazon.co.jp,Male,3.2
78,Ritchie Detoc,rdetoc25@state.gov,Male,8.1
79,Orion Huglin,ohuglin26@posterous.com,Male,7.4
80,Donnell Oriel,doriel27@uol.com.br,Male,3.3
81,Sean Paolotto,spaolotto28@icq.com,Male,9.2
82,Carlyle McGivena,cmcgivena29@narod.ru,Male,9.9
83,Currey Birt,cbirt2a@netlog.com,Genderqueer,4.3
84,Kalie Studholme,kstudholme2b@purevolume.com,Female,2.8
85,Lionello Malia,lmalia2c@irs.gov,Male,8.8
86,Rivi Meegan,rmeegan2d@un.org,Female,9.3
87,Monah McKeeman,mmckeeman2e@nymag.com,Female,5.6
88,Lacie Luckcuck,lluckcuck2f@desdev.cn,Female,6.4
89,Matti O'Farris,mofarris2g@amazon.co.uk,Female,7.2
90,Steffane Veivers,sveivers2h@tinyurl.com,Bigender,4.0
91,Mollee Picford,mpicford2i@examiner.com,Female,8.1
92,Duffie Ferraro,dferraro2j@sohu.com,Male,4.5
93,Nannie Summerlee,nsummerlee2k@bandcamp.com,Female,9.6
94,Eugenius Saxby,esaxby2l@sina.com.cn,Male,2.1
95,Raimondo Scruby,rscruby2m@yahoo.com,Male,7.5
96,Hersh Kleiser,hkleiser2n@wikia.com,Male,6.4
97,Morna Wetherby,mwetherby2o@harvard.edu,Non-binary,6.8
